{
  "celky": {
    "1": {
      "name": "222",
      "ignored": false,
      "color": "#FFD8D8",
      "polozky": {},
      "nextPolozkaId": 1,
      "totalPlocha": 0,
      "totalObjem": 0,
      "totalUctPl": 0,
      "totalUctOb": 0,
      "nakupkaCena": 0,
      "ursCena": 0,
      "firmaCena": 0
    },
    "2": {
      "name": "333",
      "ignored": false,
      "color": "#FFD8D8",
      "polozky": {},
      "nextPolozkaId": 1,
      "totalPlocha": 0,
      "totalObjem": 0,
      "totalUctPl": 0,
      "totalUctOb": 0,
      "nakupkaCena": 0,
      "ursCena": 0,
      "firmaCena": 0
    },
    "3": {
      "name": "111",
      "ignored": false,
      "color": "#FFD8D8",
      "polozky": {},
      "nextPolozkaId": 1,
      "totalPlocha": 0,
      "totalObjem": 0,
      "totalUctPl": 0,
      "totalUctOb": 0,
      "nakupkaCena": 0,
      "ursCena": 0,
      "firmaCena": 0
    }
  }
}