{
  "celky": {
    "1": {
      "color": "#FFD8D8",
      "firmaCena": 0,
      "ignored": false,
      "nakupkaCena": 0,
      "name": "Nový celek",
      "nextPolozkaId": 1,
      "polozky": {},
      "totalObjem": 0,
      "totalPlocha": 0,
      "totalUctOb": 0,
      "totalUctPl": 0,
      "ursCena": 0
    },
    "2": {
      "color": "#E4FFC4",
      "firmaCena": 0,
      "ignored": false,
      "nakupkaCena": 0,
      "name": "Nový celek",
      "nextPolozkaId": 3,
      "polozky": {
        "1": {
          "a": 0,
          "b": 0,
          "cena": {
            "firmaTotal": 0,
            "firmaUnit": 20,
            "nakupkaTotal": 0,
            "nakupkaUnit": 20,
            "priceFromM2": true,
            "ursTotal": 0,
            "ursUnit": 20
          },
          "ignored": false,
          "material": "zelezo",
          "name": "Nová položka",
          "namerFactor": 1,
          "ob": 0,
          "pl": 0,
          "unitFactor": 1,
          "v": 0
        },
        "2": {
          "a": 0,
          "b": 0,
          "cena": {
            "firmaTotal": 0,
            "firmaUnit": 30,
            "nakupkaTotal": 0,
            "nakupkaUnit": 30,
            "priceFromM2": true,
            "ursTotal": 0,
            "ursUnit": 30
          },
          "ignored": false,
          "material": "podkladovyBeton",
          "name": "Nová položka",
          "namerFactor": 1,
          "ob": 0,
          "pl": 0,
          "unitFactor": 1,
          "v": 0
        }
      },
      "totalObjem": 0,
      "totalPlocha": 0,
      "totalUctOb": 0,
      "totalUctPl": 0,
      "ursCena": 0
    },
    "3": {
      "color": "#FFFACD",
      "firmaCena": 0,
      "ignored": false,
      "nakupkaCena": 0,
      "name": "Nový celek",
      "nextPolozkaId": 2,
      "polozky": {
        "1": {
          "a": 0,
          "b": 0,
          "cena": {
            "firmaTotal": 0,
            "firmaUnit": 124,
            "nakupkaTotal": 0,
            "nakupkaUnit": 124,
            "priceFromM2": true,
            "ursTotal": 0,
            "ursUnit": 124
          },
          "ignored": false,
          "material": "azbest2",
          "name": "Nová položka",
          "namerFactor": 1,
          "ob": 0,
          "pl": 0,
          "unitFactor": 1,
          "v": 0
        }
      },
      "totalObjem": 0,
      "totalPlocha": 0,
      "totalUctOb": 0,
      "totalUctPl": 0,
      "ursCena": 0
    },
    "4": {
      "color": "#E4FFC4",
      "firmaCena": 0,
      "ignored": false,
      "nakupkaCena": 0,
      "name": "Nový celek 2",
      "nextPolozkaId": 2,
      "polozky": {
        "1": {
          "a": 0,
          "b": 0,
          "cena": {
            "firmaTotal": 0,
            "firmaUnit": 15,
            "nakupkaTotal": 0,
            "nakupkaUnit": 15,
            "priceFromM2": true,
            "ursTotal": 0,
            "ursUnit": 15
          },
          "ignored": false,
          "material": "novyMatros",
          "name": "Nová položka",
          "namerFactor": 1,
          "ob": 0,
          "pl": 0,
          "unitFactor": 1,
          "v": 0
        }
      },
      "totalObjem": 0,
      "totalPlocha": 0,
      "totalUctOb": 0,
      "totalUctPl": 0,
      "ursCena": 0
    },
    "5": {
      "color": "#FFD8D8",
      "firmaCena": 0,
      "ignored": false,
      "nakupkaCena": 0,
      "name": "222",
      "nextPolozkaId": 1,
      "polozky": {},
      "totalObjem": 0,
      "totalPlocha": 0,
      "totalUctOb": 0,
      "totalUctPl": 0,
      "ursCena": 0
    },
    "6": {
      "color": "#FFD8D8",
      "firmaCena": 0,
      "ignored": false,
      "nakupkaCena": 0,
      "name": "333",
      "nextPolozkaId": 1,
      "polozky": {},
      "totalObjem": 0,
      "totalPlocha": 0,
      "totalUctOb": 0,
      "totalUctPl": 0,
      "ursCena": 0
    },
    "7": {
      "color": "#FFD8D8",
      "firmaCena": 0,
      "ignored": false,
      "nakupkaCena": 0,
      "name": "111",
      "nextPolozkaId": 2,
      "polozky": {
        "1": {
          "name": "Nová položka",
          "ignored": false,
          "material": "azbest",
          "a": 0,
          "b": 0,
          "v": 0,
          "pl": 0,
          "ob": 0,
          "unitFactor": 1,
          "namerFactor": 1,
          "cena": {
            "nakupkaUnit": 120,
            "ursUnit": 120,
            "firmaUnit": 120,
            "nakupkaTotal": 0,
            "ursTotal": 0,
            "firmaTotal": 0,
            "priceFromM2": true
          }
        }
      },
      "totalObjem": 0,
      "totalPlocha": 0,
      "totalUctOb": 0,
      "totalUctPl": 0,
      "ursCena": 0
    },
    "8": {
      "color": "#E4FFC4",
      "firmaCena": 140,
      "ignored": false,
      "nakupkaCena": 140,
      "name": "neco",
      "nextPolozkaId": 4,
      "polozky": {
        "1": {
          "a": 3,
          "b": 4,
          "cena": {
            "firmaTotal": 120,
            "firmaUnit": 10,
            "nakupkaTotal": 120,
            "nakupkaUnit": 10,
            "priceFromM2": true,
            "ursTotal": 120,
            "ursUnit": 10
          },
          "ignored": false,
          "material": "prostyBeton",
          "name": "neco velkeho",
          "namerFactor": 1,
          "ob": 60,
          "pl": 12,
          "unitFactor": 1,
          "v": 5
        },
        "3": {
          "a": 1,
          "b": 2,
          "cena": {
            "firmaTotal": 20,
            "firmaUnit": 10,
            "nakupkaTotal": 20,
            "nakupkaUnit": 10,
            "priceFromM2": true,
            "ursTotal": 20,
            "ursUnit": 10
          },
          "ignored": false,
          "material": "prostyBeton",
          "name": "neco maleho",
          "namerFactor": 1,
          "ob": 6,
          "pl": 2,
          "unitFactor": 1,
          "v": 3
        }
      },
      "totalObjem": 66,
      "totalPlocha": 14,
      "totalUctOb": 0,
      "totalUctPl": 14,
      "ursCena": 140
    },
    "9": {
      "color": "#E4FFC4",
      "firmaCena": 300,
      "ignored": false,
      "nakupkaCena": 300,
      "name": "uplne jinde",
      "nextPolozkaId": 2,
      "polozky": {
        "1": {
          "a": 10,
          "b": 2,
          "cena": {
            "firmaTotal": 300,
            "firmaUnit": 30,
            "nakupkaTotal": 300,
            "nakupkaUnit": 30,
            "priceFromM2": false,
            "ursTotal": 300,
            "ursUnit": 30
          },
          "ignored": false,
          "material": "podkladovyBeton",
          "name": "levy pas nebo mozna pravy",
          "namerFactor": 1,
          "ob": 10,
          "pl": 20,
          "unitFactor": 1,
          "v": 0.5
        }
      },
      "totalObjem": 10,
      "totalPlocha": 20,
      "totalUctOb": 10,
      "totalUctPl": 0,
      "ursCena": 300
    }
  },
  "celkyOrder": [
    "3",
    "2",
    "4",
    "8",
    "9",
    "1",
    "5",
    "6",
    "7"
  ],
  "globalData": {
    "globalCeny": {
      "firma": {
        "cena": 440
      },
      "nakupka": {
        "cena": 440
      },
      "urs": {
        "cena": 440
      }
    },
    "material": {
      "podkladovyBeton": {
        "name": "Podkladový beton",
        "unitCenaDefault": 30
      },
      "prostyBeton": {
        "name": "Prostý beton",
        "unitCenaDefault": 10
      },
      "zelezo": {
        "name": "Betonářská ocel",
        "unitCenaDefault": 20
      }
    }
  },
  "nextCelekId": 1
}