{
  "celky": {
    "1": {
      "color": "#D8D8FF",
      "firmaCena": 360,
      "ignored": false,
      "nakupkaCena": 360,
      "name": "Jarda",
      "nextPolozkaId": 2,
      "polozky": {
        "1": {
          "a": 2,
          "b": 3,
          "cena": {
            "firmaTotal": 360,
            "firmaUnit": 15,
            "nakupkaTotal": 360,
            "nakupkaUnit": 15,
            "priceFromM2": false,
            "ursTotal": 360,
            "ursUnit": 15
          },
          "ignored": false,
          "material": "novyMatros",
          "name": "Nová položka",
          "namerFactor": 1,
          "ob": 24,
          "pl": 6,
          "unitFactor": 1,
          "v": 4
        }
      },
      "totalObjem": 24,
      "totalPlocha": 6,
      "totalUctOb": 24,
      "totalUctPl": 0,
      "ursCena": 360
    },
    "2": {
      "name": "To je neco",
      "ignored": false,
      "color": "#EEEEEE",
      "polozky": {},
      "nextPolozkaId": 1,
      "totalPlocha": 0,
      "totalObjem": 0,
      "totalUctPl": 0,
      "totalUctOb": 0,
      "nakupkaCena": 0,
      "ursCena": 0,
      "firmaCena": 0
    },
    "3": {
      "name": "Sakra prace",
      "ignored": false,
      "color": "#EEEEEE",
      "polozky": {},
      "nextPolozkaId": 1,
      "totalPlocha": 0,
      "totalObjem": 0,
      "totalUctPl": 0,
      "totalUctOb": 0,
      "nakupkaCena": 0,
      "ursCena": 0,
      "firmaCena": 0
    }
  },
  "celkyOrder": [
    "1",
    "2",
    3
  ],
  "globalData": {
    "globalCeny": {
      "firma": {
        "cena": 360
      },
      "nakupka": {
        "cena": 360
      },
      "urs": {
        "cena": 360
      }
    }
  }
}